Workbook

Sheet ใบกำกับภาษี (Original)
A1: บริษัท เพาเวอร์ คลีน พลัส จำกัด สำนักงานใหญ่
A2: POWER CLEAN PLUS Co., LTD.
A3: เลขที่ 250/65 ม.5 ต.เมืองเก่า อ.เมืองขอนแก่น จ.ขอนแก่น 40000
A4: TEL. 061-6956633 , 062-7969847
A5: เลขประจำตัวผู้เสียภาษี 0405562003569 | I5: เลขที่ : | J5: IV2026-05-127
I6: วันที่ : | J6: 09/05/2026
A8: ชื่อลูกค้า : | B8: บริษัท เจียงออโตโมทีฟอุดร จำกัด สาขาหนองสำโรง (0000) | G8: ใบเสนอราคาเลขที่ :
A9: Tax ID : | B9: 0105546133987 | G9: เงี่อนไขชำระ: | I9: เครดิต 30 วัน
A10: ที่อยู่ : | B10: 555 หมู่ 7 บ้านโนนพิบูลย์ ต.หมากแข้ง อ.เมืองอุดรธานี จ.อุดรธานี | G10: ครบกำหนด : | I10: 09/06/2026
B11: 41000 | G11: สถานที่ส่งสินค้า :
A12: โทร :
A14: NO. | B14: รหัสสินค้า | C14: รายการสินค้า | G14: จำนวน | I14: ราคาต่อหน่วย | J14: ส่วนลด | K14: จำนวนเงิน
B15: Code | C15: Product or Service | G15: Unit | I15: Unit Price | J15: Discount | K15: Amount BATH
A16: 1 | B16: 164 | C16: ผลิตภัณฑ์ทำความสะอาดคอนเดนเซอร์ | G16: 24 | I16: 400 | K16: =G16*I16 -> 9600
A17: 2 | B17: 635 | C17: ECO Cool Air | G17: 24 | I17: 1090 | K17: 26160
A28: หมายเหตุ : | I28: รวม | K28: =SUM(K16:K27) -> 35760
A29: 02PO26050011 | I29: หัก ส่วนลด | K29: =(G16+G17)*J16 -> 0
I30: รวมเป็นเงิน | K30: =K28-K29 -> 35760
I31: ภาษีมูลค่าเพิ่ม 7% | K31: =K30*7/100 -> 2503.2
A32: ="("&BAHTTEXT(K32)&")" -> (สามหมื่นแปดพันสองร้อยหกสิบสามบาทยี่สิบสตางค์) | I32: รวมเงินทั้งสิ้น | K32: =K30+K31 -> 38263.2
A33: ***สินค้าตามใบส่งของนี้ แม้จะได้ส่งมอบแก่ผู้ซื้อแล้วยังคงเป็นสินทรัพย์ของผู้ขาย จนกว่าผู้ซื้อได้ชำระเงินเสร็จเรียบร้อยแล้ว***
J34: 1. ได้รับสินค้าตามรายการข้างบน
J35: แล้วในสภาพเรียบร้อย
A36: ลงชื้อ | B36: ................................................................. | E36: ........................................................................ | J36: 2. ราคาสินค้าถูกต้องตามที่ตกลง
B38: (................................................................) | E38: ( นายสันติ เหล่าสุโพธิ์ ) | J38: 3. กรณีที่ลูกค้าผิดนัดชำระตามกำหนด
B39: ผู้รับสินค้า | E39: ผู้มีอำนาจลงนาม | J39: บริษัทฯจะคิดดอกเบี้ยอัตรา 1.5%
A40: วันที่ | E40: วันที่ | J40: ต่อเดือน

Sheet ใบกำกับภาษี (Copy)
A1: ='ใบกำกับภาษี (Original)'!A1 -> บริษัท เพาเวอร์ คลีน พลัส จำกัด สำนักงานใหญ่
A2: ='ใบกำกับภาษี (Original)'!A2 -> POWER CLEAN PLUS Co., LTD.
A3: ='ใบกำกับภาษี (Original)'!A3 -> เลขที่ 250/65 ม.5 ต.เมืองเก่า อ.เมืองขอนแก่น จ.ขอนแก่น 40000
A4: ='ใบกำกับภาษี (Original)'!A4 -> TEL. 061-6956633 , 062-7969847
A5: ='ใบกำกับภาษี (Original)'!A5 -> เลขประจำตัวผู้เสียภาษี 0405562003569 | I5: เลขที่ : | J5: ='ใบกำกับภาษี (Original)'!J5 -> IV2026-05-127
I6: วันที่ : | J6: ='ใบกำกับภาษี (Original)'!J6 -> 09/05/2026
A8: ชื่อลูกค้า : | B8: ='ใบกำกับภาษี (Original)'!B8 -> บริษัท เจียงออโตโมทีฟอุดร จำกัด สาขาหนองสำโรง (0000) | G8: ใบเสนอราคาเลขที่ :
A9: Tax ID : | B9: ='ใบกำกับภาษี (Original)'!B9 -> 0105546133987 | G9: เงี่อนไขชำระ: | I9: ='ใบกำกับภาษี (Original)'!I9 -> เครดิต 30 วัน
A10: ที่อยู่ : | B10: ='ใบกำกับภาษี (Original)'!B10 -> 555 หมู่ 7 บ้านโนนพิบูลย์ ต.หมากแข้ง อ.เมืองอุดรธานี จ.อุดรธานี | G10: ครบกำหนด : | I10: ='ใบกำกับภาษี (Original)'!I10 -> 09/06/2026
B11: 41000 | G11: สถานที่ส่งสินค้า :
A12: โทร :
A14: NO. | B14: รหัสสินค้า | C14: รายการสินค้า | G14: จำนวน | I14: ราคาต่อหน่วย | J14: ส่วนลด | K14: จำนวนเงิน
B15: Code | C15: Product or Service | G15: Unit | I15: Unit Price | J15: Discount | K15: Amount BATH
A16: 1 | B16: 164 | C16: ผลิตภัณฑ์ทำความสะอาดคอนเดนเซอร์ | G16: 24 | I16: 400 | K16: =G16*I16 -> 9600
A17: 2 | B17: 635 | C17: ECO Cool Air | G17: 24 | I17: 1090 | K17: 26160
A28: หมายเหตุ : | I28: รวม | K28: =SUM(K16:K27) -> 35760
A29: 02PO26050011 | I29: หัก ส่วนลด | K29: =(G16+G17)*J16 -> 0
I30: รวมเป็นเงิน | K30: =K28-K29 -> 35760
I31: ภาษีมูลค่าเพิ่ม 7% | K31: =K30*7/100 -> 2503.2
A32: ="("&BAHTTEXT(K32)&")" -> (สามหมื่นแปดพันสองร้อยหกสิบสามบาทยี่สิบสตางค์) | I32: รวมเงินทั้งสิ้น | K32: =K30+K31 -> 38263.2
A33: ***สินค้าตามใบส่งของนี้ แม้จะได้ส่งมอบแก่ผู้ซื้อแล้วยังคงเป็นสินทรัพย์ของผู้ขาย จนกว่าผู้ซื้อได้ชำระเงินเสร็จเรียบร้อยแล้ว***
J34: 1. ได้รับสินค้าตามรายการข้างบน
J35: แล้วในสภาพเรียบร้อย
A36: ลงชื้อ | B36: ................................................................. | E36: ........................................................................ | J36: 2. ราคาสินค้าถูกต้องตามที่ตกลง
B38: (................................................................) | E38: ='ใบกำกับภาษี (Original)'!E38 -> ( นายสันติ เหล่าสุโพธิ์ ) | J38: 3. กรณีที่ลูกค้าผิดนัดชำระตามกำหนด
B39: ผู้รับสินค้า | E39: ผู้มีอำนาจลงนาม | J39: บริษัทฯจะคิดดอกเบี้ยอัตรา 1.5%
A40: วันที่ | E40: วันที่ | J40: ต่อเดือน

Sheet ใบกำกับภาษี (Copy Acc) 
A1: ='ใบกำกับภาษี (Original)'!A1 -> บริษัท เพาเวอร์ คลีน พลัส จำกัด สำนักงานใหญ่
A2: ='ใบกำกับภาษี (Original)'!A2 -> POWER CLEAN PLUS Co., LTD.
A3: ='ใบกำกับภาษี (Original)'!A3 -> เลขที่ 250/65 ม.5 ต.เมืองเก่า อ.เมืองขอนแก่น จ.ขอนแก่น 40000
A4: ='ใบกำกับภาษี (Original)'!A4 -> TEL. 061-6956633 , 062-7969847
A5: ='ใบกำกับภาษี (Original)'!A5 -> เลขประจำตัวผู้เสียภาษี 0405562003569 | I5: เลขที่ : | J5: ='ใบกำกับภาษี (Original)'!J5 -> IV2026-05-127
I6: วันที่ : | J6: ='ใบกำกับภาษี (Original)'!J6 -> 09/05/2026
A8: ชื่อลูกค้า : | B8: ='ใบกำกับภาษี (Original)'!B8 -> บริษัท เจียงออโตโมทีฟอุดร จำกัด สาขาหนองสำโรง (0000) | G8: ใบเสนอราคาเลขที่ :
A9: Tax ID : | B9: ='ใบกำกับภาษี (Original)'!B9 -> 0105546133987 | G9: เงี่อนไขชำระ: | I9: ='ใบกำกับภาษี (Original)'!I9 -> เครดิต 30 วัน
A10: ที่อยู่ : | B10: ='ใบกำกับภาษี (Original)'!B10 -> 555 หมู่ 7 บ้านโนนพิบูลย์ ต.หมากแข้ง อ.เมืองอุดรธานี จ.อุดรธานี | G10: ครบกำหนด : | I10: ='ใบกำกับภาษี (Original)'!I10 -> 09/06/2026
B11: 41000 | G11: สถานที่ส่งสินค้า :
A12: โทร :
A14: NO. | B14: รหัสสินค้า | C14: รายการสินค้า | G14: จำนวน | I14: ราคาต่อหน่วย | J14: ส่วนลด | K14: จำนวนเงิน
B15: Code | C15: Product or Service | G15: Unit | I15: Unit Price | J15: Discount | K15: Amount BATH
A16: 1 | B16: 164 | C16: ผลิตภัณฑ์ทำความสะอาดคอนเดนเซอร์ | G16: 24 | I16: 400 | K16: =G16*I16 -> 9600
A17: 2 | B17: 635 | C17: ECO Cool Air | G17: 24 | I17: 1090 | K17: 26160
A28: หมายเหตุ : | I28: รวม | K28: =SUM(K16:K27) -> 35760
A29: 02PO26050011 | I29: หัก ส่วนลด | K29: =(G16+G17)*J16 -> 0
I30: รวมเป็นเงิน | K30: =K28-K29 -> 35760
I31: ภาษีมูลค่าเพิ่ม 7% | K31: =K30*7/100 -> 2503.2
A32: ="("&BAHTTEXT(K32)&")" -> (สามหมื่นแปดพันสองร้อยหกสิบสามบาทยี่สิบสตางค์) | I32: รวมเงินทั้งสิ้น | K32: =K30+K31 -> 38263.2
A33: ***สินค้าตามใบส่งของนี้ แม้จะได้ส่งมอบแก่ผู้ซื้อแล้วยังคงเป็นสินทรัพย์ของผู้ขาย จนกว่าผู้ซื้อได้ชำระเงินเสร็จเรียบร้อยแล้ว***
J34: 1. ได้รับสินค้าตามรายการข้างบน
J35: แล้วในสภาพเรียบร้อย
A36: ลงชื้อ | B36: ................................................................. | E36: ........................................................................ | J36: 2. ราคาสินค้าถูกต้องตามที่ตกลง
B38: (................................................................) | E38: ='ใบกำกับภาษี (Original)'!E38 -> ( นายสันติ เหล่าสุโพธิ์ ) | J38: 3. กรณีที่ลูกค้าผิดนัดชำระตามกำหนด
B39: ผู้รับสินค้า | E39: ผู้มีอำนาจลงนาม | J39: บริษัทฯจะคิดดอกเบี้ยอัตรา 1.5%
A40: วันที่ | E40: วันที่ | J40: ต่อเดือน

Sheet ใบเสร็จรับเงิน Original
A1: ='ใบกำกับภาษี (Original)'!A1 -> บริษัท เพาเวอร์ คลีน พลัส จำกัด สำนักงานใหญ่
A2: ='ใบกำกับภาษี (Original)'!A2 -> POWER CLEAN PLUS Co., LTD.
A3: ='ใบกำกับภาษี (Original)'!A3 -> เลขที่ 250/65 ม.5 ต.เมืองเก่า อ.เมืองขอนแก่น จ.ขอนแก่น 40000
A4: ='ใบกำกับภาษี (Original)'!A4 -> TEL. 061-6956633 , 062-7969847
A5: ='ใบกำกับภาษี (Original)'!A5 -> เลขประจำตัวผู้เสียภาษี 0405562003569 | I5: เลขที่ :
I6: วันที่ : | J6: 15/01/2026
A8: ชื่อลูกค้า : | B8: ='ใบกำกับภาษี (Original)'!B8 -> บริษัท เจียงออโตโมทีฟอุดร จำกัด สาขาหนองสำโรง (0000) | G8: อ้างอิงใบกำกับภาษีเลขที่ : | J8: BN2026-01-004
A9: Tax ID : | B9: ='ใบกำกับภาษี (Original)'!B9 -> 0105546133987 | I9: เงินสด
A10: ที่อยู่ : | B10: ='ใบกำกับภาษี (Original)'!B10 -> 555 หมู่ 7 บ้านโนนพิบูลย์ ต.หมากแข้ง อ.เมืองอุดรธานี จ.อุดรธานี | I10: โอนเงินธ.ไทยพาณิชย์ วันที่ 15/01/2026
B11: ='ใบกำกับภาษี (Original)'!B11 -> 41000 | I11: เช็คเลขที่ ........................วันที่......................
A12: โทร :
A14: NO. | B14: รายการสินค้า | G14: จำนวน | J14: จำนวนเงิน
B15: Product or Service | G15: Unit | J15: Amount BATH
A16: ='[1]ใบกำกับภาษี (Original)'!A16 -> #REF! | B16: ผลิตภัณฑ์ทำความสะอาดคอนเดนเซอร์ | G16: 12 | K16: 4800
A17: 2 | B17: สเปรย์เคลือบห้องเครื่องและกันหนู | G17: 12 | K17: 3480
A28: หมายเหตุ : | I28: รวม | K28: =SUM(K16:K27) -> 8280
I29: หัก ส่วนลด | K29: ='ใบกำกับภาษี (Original)'!K29 -> 0
I30: รวมเป็นเงิน | K30: =K28-K29 -> 8280
I31: ภาษีมูลค่าเพิ่ม 7% | K31: =K30*7/100 -> 579.6
A32: ="("&BAHTTEXT(K32)&")" -> (แปดพันแปดร้อยห้าสิบเก้าบาทหกสิบสตางค์) | I32: รวมเงินทั้งสิ้น | K32: =K30+K31 -> 8859.6
A33: ***สินค้าตามใบส่งของนี้ แม้จะได้ส่งมอบแก่ผู้ซื้อแล้วยังคงเป็นสินทรัพย์ของผู้ขาย จนกว่าผู้ซื้อได้ชำระเงินเสร็จเรียบร้อยแล้ว***
J34: 1. ได้รับสินค้าตามรายการข้างบน
J35: แล้วในสภาพเรียบร้อย
A36: ลงชื้อ | B36: ................................................................. | E36: ........................................................................ | J36: 2. ราคาสินค้าถูกต้องตามที่ตกลง
B38: (................................................................) | E38: ='ใบกำกับภาษี (Original)'!E38 -> ( นายสันติ เหล่าสุโพธิ์ ) | J38: 3. กรณีที่ลูกค้าผิดนัดชำระตามกำหนด
B39: ผู้รับสินค้า | E39: ผู้มีอำนาจลงนาม | J39: บริษัทฯจะคิดดอกเบี้ยอัตรา 1.5%
A40: วันที่ | E40: วันที่ | J40: ต่อเดือน

Sheet ใบเสร็จรับเงิน Copy
A1: ='ใบกำกับภาษี (Original)'!A1 -> บริษัท เพาเวอร์ คลีน พลัส จำกัด สำนักงานใหญ่
A2: ='ใบกำกับภาษี (Original)'!A2 -> POWER CLEAN PLUS Co., LTD.
A3: ='ใบกำกับภาษี (Original)'!A3 -> เลขที่ 250/65 ม.5 ต.เมืองเก่า อ.เมืองขอนแก่น จ.ขอนแก่น 40000
A4: ='ใบกำกับภาษี (Original)'!A4 -> TEL. 061-6956633 , 062-7969847
A5: ='ใบกำกับภาษี (Original)'!A5 -> เลขประจำตัวผู้เสียภาษี 0405562003569 | I5: เลขที่ :
I6: วันที่ : | J6: 15/01/2026
A8: ชื่อลูกค้า : | B8: ='ใบกำกับภาษี (Original)'!B8 -> บริษัท เจียงออโตโมทีฟอุดร จำกัด สาขาหนองสำโรง (0000) | G8: อ้างอิงใบกำกับภาษีเลขที่ : | J8: BN2026-01-004
A9: Tax ID : | B9: ='ใบกำกับภาษี (Original)'!B9 -> 0105546133987 | I9: เงินสด
A10: ที่อยู่ : | B10: ='ใบกำกับภาษี (Original)'!B10 -> 555 หมู่ 7 บ้านโนนพิบูลย์ ต.หมากแข้ง อ.เมืองอุดรธานี จ.อุดรธานี | I10: โอนเงินธ.ไทยพาณิชย์ วันที่ 15/01/2026
B11: ='ใบกำกับภาษี (Original)'!B11 -> 41000 | I11: เช็คเลขที่ ........................วันที่......................
A12: โทร :
A14: NO. | B14: รายการสินค้า | G14: จำนวน | J14: จำนวนเงิน
B15: Product or Service | G15: Unit | J15: Amount BATH
A16: 1 | B16: ผลิตภัณฑ์ทำความสะอาดคอนเดนเซอร์ | G16: 12 | K16: 4800
A17: 2 | B17: สเปรย์เคลือบห้องเครื่องและกันหนู | G17: 12 | K17: 3480
A28: หมายเหตุ : | I28: รวม | K28: =SUM(K16:K27) -> 8280
I29: หัก ส่วนลด | K29: ='ใบกำกับภาษี (Original)'!K29 -> 0
I30: รวมเป็นเงิน | K30: =K28-K29 -> 8280
I31: ภาษีมูลค่าเพิ่ม 7% | K31: =K30*7/100 -> 579.6
A32: ="("&BAHTTEXT(K32)&")" -> (แปดพันแปดร้อยห้าสิบเก้าบาทหกสิบสตางค์) | I32: รวมเงินทั้งสิ้น | K32: =K30+K31 -> 8859.6
A33: ***สินค้าตามใบส่งของนี้ แม้จะได้ส่งมอบแก่ผู้ซื้อแล้วยังคงเป็นสินทรัพย์ของผู้ขาย จนกว่าผู้ซื้อได้ชำระเงินเสร็จเรียบร้อยแล้ว***
J34: 1. ได้รับสินค้าตามรายการข้างบน
J35: แล้วในสภาพเรียบร้อย
A36: ลงชื้อ | B36: ................................................................. | E36: ........................................................................ | J36: 2. ราคาสินค้าถูกต้องตามที่ตกลง
B38: (................................................................) | E38: ='ใบกำกับภาษี (Original)'!E38 -> ( นายสันติ เหล่าสุโพธิ์ ) | J38: 3. กรณีที่ลูกค้าผิดนัดชำระตามกำหนด
B39: ผู้รับสินค้า | E39: ผู้มีอำนาจลงนาม | J39: บริษัทฯจะคิดดอกเบี้ยอัตรา 1.5%
A40: วันที่ | E40: วันที่ | J40: ต่อเดือน

Sheet ใบเสร็จรับเงิน Copy Acc
A1: ='ใบกำกับภาษี (Original)'!A1 -> บริษัท เพาเวอร์ คลีน พลัส จำกัด สำนักงานใหญ่
A2: ='ใบกำกับภาษี (Original)'!A2 -> POWER CLEAN PLUS Co., LTD.
A3: ='ใบกำกับภาษี (Original)'!A3 -> เลขที่ 250/65 ม.5 ต.เมืองเก่า อ.เมืองขอนแก่น จ.ขอนแก่น 40000
A4: ='ใบกำกับภาษี (Original)'!A4 -> TEL. 061-6956633 , 062-7969847
A5: ='ใบกำกับภาษี (Original)'!A5 -> เลขประจำตัวผู้เสียภาษี 0405562003569 | I5: เลขที่ :
I6: วันที่ : | J6: 15/01/2026
A8: ชื่อลูกค้า : | B8: ='ใบกำกับภาษี (Original)'!B8 -> บริษัท เจียงออโตโมทีฟอุดร จำกัด สาขาหนองสำโรง (0000) | G8: อ้างอิงใบกำกับภาษีเลขที่ : | J8: BN2026-01-004
A9: Tax ID : | B9: ='ใบกำกับภาษี (Original)'!B9 -> 0105546133987 | I9: เงินสด
A10: ที่อยู่ : | B10: ='ใบกำกับภาษี (Original)'!B10 -> 555 หมู่ 7 บ้านโนนพิบูลย์ ต.หมากแข้ง อ.เมืองอุดรธานี จ.อุดรธานี | I10: โอนเงินธ.ไทยพาณิชย์ วันที่ 15/01/2026
B11: ='ใบกำกับภาษี (Original)'!B11 -> 41000 | I11: เช็คเลขที่ ........................วันที่......................
A12: โทร :
A14: NO. | B14: รายการสินค้า | G14: จำนวน | J14: จำนวนเงิน
B15: Product or Service | G15: Unit | J15: Amount BATH
A16: ='[1]ใบกำกับภาษี (Original)'!A16 -> #REF! | B16: ผลิตภัณฑ์ทำความสะอาดคอนเดนเซอร์ | G16: 12 | K16: 4800
A17: 2 | B17: สเปรย์เคลือบห้องเครื่องและกันหนู | G17: 12 | K17: 3480
A28: หมายเหตุ : | I28: รวม | K28: =SUM(K16:K27) -> 8280
I29: หัก ส่วนลด | K29: ='ใบกำกับภาษี (Original)'!K29 -> 0
I30: รวมเป็นเงิน | K30: =K28-K29 -> 8280
I31: ภาษีมูลค่าเพิ่ม 7% | K31: =K30*7/100 -> 579.6
A32: ="("&BAHTTEXT(K32)&")" -> (แปดพันแปดร้อยห้าสิบเก้าบาทหกสิบสตางค์) | I32: รวมเงินทั้งสิ้น | K32: =K30+K31 -> 8859.6
A33: ***สินค้าตามใบส่งของนี้ แม้จะได้ส่งมอบแก่ผู้ซื้อแล้วยังคงเป็นสินทรัพย์ของผู้ขาย จนกว่าผู้ซื้อได้ชำระเงินเสร็จเรียบร้อยแล้ว***
J34: 1. ได้รับสินค้าตามรายการข้างบน
J35: แล้วในสภาพเรียบร้อย
A36: ลงชื้อ | B36: ................................................................. | E36: ........................................................................ | J36: 2. ราคาสินค้าถูกต้องตามที่ตกลง
B38: (................................................................) | E38: ='ใบกำกับภาษี (Original)'!E38 -> ( นายสันติ เหล่าสุโพธิ์ ) | J38: 3. กรณีที่ลูกค้าผิดนัดชำระตามกำหนด
B39: ผู้รับสินค้า | E39: ผู้มีอำนาจลงนาม | J39: บริษัทฯจะคิดดอกเบี้ยอัตรา 1.5%
A40: วันที่ | E40: วันที่ | J40: ต่อเดือน

Sheet ใบลดหนี้ (Original)
A1: บริษัท เพาเวอร์ คลีน พลัส จำกัด สำนักงานใหญ่
A2: POWER CLEAN PLUS Co., LTD.
A3: เลขที่ 250/65 ม.5 ต.เมืองเก่า อ.เมืองขอนแก่น จ.ขอนแก่น 40000
A4: TEL. 061-6956633 , 063-3242978
A5: เลขประจำตัวผู้เสียภาษี 0405562003569 | I5: เลขที่ :
I6: วันที่ :
A8: ชื่อลูกค้า : | G8: อ้างอิงใบกำกับภาษีเดิมเลขที่: | J8: IV2019-11-016
A9: Tax ID : | G9: วันที่ | I9: 43790
A10: ที่อยู่ : | G10: สาเหตุ | I10: ลดหนี้เนื่องจากส่งคืนสินค้า
A12: โทร :
A14: NO. | B14: รหัสสินค้า | C14: รายการสินค้า | G14: จำนวน | I14: ราคาต่อหน่วย | J14: ส่วนลด | K14: จำนวนเงิน
B15: Code | C15: Product or Service | G15: Unit | I15: Unit Price | J15: Discount | K15: Amount BATH
A16: 1 | B16: 635 | C16: ECO Cool Air + ECO Plus | G16: 4 | I16: 990 | K16: =G16*I16 -> 3960
A17: 2 | B17: 636 | C17: Spa Ozone Plus | G17: 4 | I17: 290 | K17: =G17*I17 -> 1160
A27: หมายเหตุ : | I27: รวม | K27: =SUM(K16:K26) -> 5120
I28: หัก ส่วนลด | K28: =(G16+G17)*J16 -> 0
I29: รวมเป็นเงิน | K29: =K27-K28 -> 5120
I30: ภาษีมูลค่าเพิ่ม 7% | K30: =K29*7/100 -> 358.4
A31: ="("&BAHTTEXT(K31)&")" -> (ห้าพันสี่ร้อยเจ็ดสิบแปดบาทสี่สิบสตางค์) | I31: รวมเงินทั้งสิ้น | K31: =K29+K30 -> 5478.4
A32: ***ได้รับรายงานนี้ไว้ข้างต้นถูกต้องเรียบร้อยแล้ว***
A34: ลงชื่อ | B34: ................................................................. | E34: ลงชื่อ................................................. | I34: ลงชื่อ.................................................................
B36: (................................................................) | E36: (............................................................) | I36: ( นายสันติ เหล่าสุโพธิ์ )
B37: ผู้รับสินค้า | E37: ผู้ส่งสินค้า | I37: ผู้มีอำนาจลงนาม
A38: วันที่ | E38: วันที่ | I38: วันที่

Sheet ใบลดหนี้ (Copy)
A1: บริษัท เพาเวอร์ คลีน พลัส จำกัด สำนักงานใหญ่
A2: POWER CLEAN PLUS Co., LTD.
A3: เลขที่ 250/65 ม.5 ต.เมืองเก่า อ.เมืองขอนแก่น จ.ขอนแก่น 40000
A4: TEL. 061-6956633 , 063-3242978
A5: เลขประจำตัวผู้เสียภาษี 0405562003569 | I5: เลขที่ :
I6: วันที่ :
A8: ชื่อลูกค้า : | G8: อ้างอิงใบกำกับภาษีเดิมเลขที่: | J8: IV2019-11-016
A9: Tax ID : | G9: วันที่ | I9: 43790
A10: ที่อยู่ : | G10: สาเหตุ | I10: ลดหนี้เนื่องจากส่งคืนสินค้า
A12: โทร :
A14: NO. | B14: รหัสสินค้า | C14: รายการสินค้า | G14: จำนวน | I14: ราคาต่อหน่วย | J14: ส่วนลด | K14: จำนวนเงิน
B15: Code | C15: Product or Service | G15: Unit | I15: Unit Price | J15: Discount | K15: Amount BATH
A16: 1 | B16: 635 | C16: ECO Cool Air + ECO Plus | G16: 4 | I16: 990 | K16: =G16*I16 -> 3960
A17: 2 | B17: 636 | C17: Spa Ozone Plus | G17: 4 | I17: 290 | K17: =G17*I17 -> 1160
A27: หมายเหตุ : | I27: รวม | K27: =SUM(K16:K26) -> 5120
I28: หัก ส่วนลด | K28: =(G16+G17)*J16 -> 0
I29: รวมเป็นเงิน | K29: =K27-K28 -> 5120
I30: ภาษีมูลค่าเพิ่ม 7% | K30: =K29*7/100 -> 358.4
A31: ="("&BAHTTEXT(K31)&")" -> (ห้าพันสี่ร้อยเจ็ดสิบแปดบาทสี่สิบสตางค์) | I31: รวมเงินทั้งสิ้น | K31: =K29+K30 -> 5478.4
A32: ***ได้รับรายงานนี้ไว้ข้างต้นถูกต้องเรียบร้อยแล้ว***
A34: ลงชื่อ | B34: ................................................................. | E34: ลงชื่อ................................................. | I34: ลงชื่อ.................................................................
B36: (................................................................) | E36: (............................................................) | I36: ( นายสันติ เหล่าสุโพธิ์ )
B37: ผู้รับสินค้า | E37: ผู้ส่งสินค้า | I37: ผู้มีอำนาจลงนาม
A38: วันที่ | E38: วันที่ | I38: วันที่

Sheet ใบลดหนี้ (copy Acc) 
A1: บริษัท เพาเวอร์ คลีน พลัส จำกัด สำนักงานใหญ่
A2: POWER CLEAN PLUS Co., LTD.
A3: เลขที่ 250/65 ม.5 ต.เมืองเก่า อ.เมืองขอนแก่น จ.ขอนแก่น 40000
A4: TEL. 061-6956633 , 063-3242978
A5: เลขประจำตัวผู้เสียภาษี 0405562003569 | I5: เลขที่ :
I6: วันที่ :
A8: ชื่อลูกค้า : | G8: อ้างอิงใบกำกับภาษีเดิมเลขที่: | J8: IV2019-11-016
A9: Tax ID : | G9: วันที่ | I9: 43790
A10: ที่อยู่ : | G10: สาเหตุ | I10: ลดหนี้เนื่องจากส่งคืนสินค้า
A12: โทร :
A14: NO. | B14: รหัสสินค้า | C14: รายการสินค้า | G14: จำนวน | I14: ราคาต่อหน่วย | J14: ส่วนลด | K14: จำนวนเงิน
B15: Code | C15: Product or Service | G15: Unit | I15: Unit Price | J15: Discount | K15: Amount BATH
A16: 1 | B16: 635 | C16: ECO Cool Air + ECO Plus | G16: 4 | I16: 990 | K16: =G16*I16 -> 3960
A17: 2 | B17: 636 | C17: Spa Ozone Plus | G17: 4 | I17: 290 | K17: =G17*I17 -> 1160
A27: หมายเหตุ : | I27: รวม | K27: =SUM(K16:K26) -> 5120
I28: หัก ส่วนลด | K28: =(G16+G17)*J16 -> 0
I29: รวมเป็นเงิน | K29: =K27-K28 -> 5120
I30: ภาษีมูลค่าเพิ่ม 7% | K30: =K29*7/100 -> 358.4
A31: ="("&BAHTTEXT(K31)&")" -> (ห้าพันสี่ร้อยเจ็ดสิบแปดบาทสี่สิบสตางค์) | I31: รวมเงินทั้งสิ้น | K31: =K29+K30 -> 5478.4
A32: ***ได้รับรายงานนี้ไว้ข้างต้นถูกต้องเรียบร้อยแล้ว***
A34: ลงชื่อ | B34: ................................................................. | E34: ลงชื่อ................................................. | I34: ลงชื่อ.................................................................
B36: (................................................................) | E36: (............................................................) | I36: ( นายสันติ เหล่าสุโพธิ์ )
B37: ผู้รับสินค้า | E37: ผู้ส่งสินค้า | I37: ผู้มีอำนาจลงนาม
A38: วันที่ | E38: วันที่ | I38: วันที่

Sheet ใบเพิ่มหนี้
A1: บริษัท เพาเวอร์ คลีน พลัส จำกัด สำนักงานใหญ่
A2: POWER CLEAN PLUS Co., LTD.
A3: เลขที่ 250/65 ม.5 ต.เมืองเก่า อ.เมืองขอนแก่น จ.ขอนแก่น 40000
A4: TEL. 061-6956633 , 063-3242978
A5: เลขประจำตัวผู้เสียภาษี 0405562003569 | I5: เลขที่ : | J5: DN1912/001
I6: วันที่ :
A8: ชื่อลูกค้า : | G8: อ้างอิงใบกำกับภาษีเดิมเลขที่: | J8: IV1908/001
A9: Tax ID : | G9: วันที่
A10: ที่อยู่ : | G10: สาเหตุ | I10: ราคาสินค้าสูงกว่าที่ตกลงซื้อขายกัน
A12: โทร :
A14: NO. | B14: รหัสสินค้า | C14: รายการสินค้า | G14: จำนวน | I14: ราคาต่อหน่วย | J14: ส่วนลด | K14: จำนวนเงิน
B15: Code | C15: Product or Service | G15: Unit | I15: Unit Price | J15: Discount | K15: Amount BATH
A23: หมายเหตุ : | I23: มูลค่าใบกำกับภาษีเดิม | K23: =SUM(K16:K22) -> 0
I24: มูลค่าที่ถูกต้อง | K24: =(G16+G17)*J16 -> 0
I25: ผลต่าง | K25: =K23-K24 -> 0
I26: ส่วนลด | K26: =K24-K25 -> 0
I27: จำนวนเงินหลังหักส่วนลด | K27: =K25-K26 -> 0
I28: ภาษีมูลค่าเพิ่ม 7% | K28: =K25*7/100 -> 0
A29: ="("&BAHTTEXT(K29)&")" -> (ศูนย์บาทถ้วน) | I29: จำนวนเงินทั้งสิ้น | K29: =K25+K28 -> 0
I31: ผู้อนุมัติ
A33: ลงชื่อ | B33: ................................................................. | I33: ลงชื่อ.................................................................
B35: (................................................................) | I35: ( นายสันติ เหล่าสุโพธิ์ )
B36: ผู้รับสินค้า | I36: ผู้มีอำนาจลงนาม
A37: วันที่ | I37: วันที่

Sheet ใบเสร็จรับเงินรายได้อื่น
A1: ='ใบกำกับภาษี (Original)'!A1 -> บริษัท เพาเวอร์ คลีน พลัส จำกัด สำนักงานใหญ่
A2: ='ใบกำกับภาษี (Original)'!A2 -> POWER CLEAN PLUS Co., LTD.
A3: ='ใบกำกับภาษี (Original)'!A3 -> เลขที่ 250/65 ม.5 ต.เมืองเก่า อ.เมืองขอนแก่น จ.ขอนแก่น 40000
A4: ='ใบกำกับภาษี (Original)'!A4 -> TEL. 061-6956633 , 062-7969847
A5: ='ใบกำกับภาษี (Original)'!A5 -> เลขประจำตัวผู้เสียภาษี 0405562003569 | I5: เลขที่ : | J5: RE
I6: วันที่ : | J6: 43810
A8: ชื่อลูกค้า : | G8: เงี่อนไขชำระ :
A9: Tax ID : | I9: เงินสด
A10: ที่อยู่ : | I10: โอนเงินธ.ไทยพาณิชย์ วันที่......................
I11: เช็คเลขที่ ........................วันที่......................
A14: NO. | B14: รายการสินค้า | J14: จำนวนเงิน
B15: Product or Service | J15: Amount BATH
A16: 1 | B16: รายได้ค่านายหน้า เดือน................... 2562 | K16: 6804
A24: หมายเหตุ : | I24: รวม | K24: =SUM(K16:K23) -> 6804
I25: หัก ภาษี ณ ที่จ่าย 5% | K25: =SUM(K24*5/100) -> 340.2
I26: รวมเป็นเงิน | K26: =K24-K25 -> 6463.8
I27: ภาษีมูลค่าเพิ่ม 7%
A28: ="("&BAHTTEXT(K28)&")" -> (หกพันสี่ร้อยหกสิบสามบาทแปดสิบสตางค์) | I28: รวมเงินทั้งสิ้น | K28: =K26+K27 -> 6463.8
A31: ........................................................................
A32: ='ใบกำกับภาษี (Original)'!E38 -> ( นายสันติ เหล่าสุโพธิ์ )
A33: ผู้รับเงิน/ผู้มีอำนาจลงนาม

Sheet ใบวางบิล ต้นฉบับ
A1: ='ใบกำกับภาษี (Original)'!A1 -> บริษัท เพาเวอร์ คลีน พลัส จำกัด สำนักงานใหญ่
A2: ='ใบกำกับภาษี (Original)'!A2 -> POWER CLEAN PLUS Co., LTD.
A3: ='ใบกำกับภาษี (Original)'!A3 -> เลขที่ 250/65 ม.5 ต.เมืองเก่า อ.เมืองขอนแก่น จ.ขอนแก่น 40000
A4: ='ใบกำกับภาษี (Original)'!A4 -> TEL. 061-6956633 , 062-7969847
A5: ='ใบกำกับภาษี (Original)'!A5 -> เลขประจำตัวผู้เสียภาษี 0405562003569 | G5: เลขที่ :
G6: วันที่ : | H6: 02/05/2026
A8: ชื่อลูกค้า : | B8: ='ใบกำกับภาษี (Original)'!B8 -> บริษัท เจียงออโตโมทีฟอุดร จำกัด สาขาหนองสำโรง (0000)
A9: Tax ID : | B9: ='ใบกำกับภาษี (Original)'!B9 -> 0105546133987
A10: ที่อยู่ : | B10: ='ใบกำกับภาษี (Original)'!B10 -> 555 หมู่ 7 บ้านโนนพิบูลย์ ต.หมากแข้ง อ.เมืองอุดรธานี จ.อุดรธานี
B11: 41000
A12: โทร :
A14: ลำดับ | B14: เลขที่เอกสาร | C14: วันที่เอกสาร | E14: วันครบ | G14: จำนวนเงิน | H14: จำนวนเงิน | I14: หมายเหตุ
B15: (ใบกำกับภาษีIV) | C15: (ใบกำกับภาษีIV) | E15: กำหนด | G15: ตามใบกำกับภาษี | H15: ที่วางบิล
A16: ='ใบกำกับภาษี (Original)'!A16 -> 1 | B16: IV2026-04-098 | C16: 04/04/2026 | E16: 04/05/2026 | G16: 14637.6 | H16: =G16 -> 14637.6
G25: รวมทั้งสิ้น | H25: =SUM(H16:H24) -> 14637.6
G26: หัก ส่วนลด
A27: ="("&BAHTTEXT(H27)&")" -> (หนึ่งหมื่นสี่พันหกร้อยสามสิบเจ็ดบาทหกสิบสตางค์) | G27: รวมเงินทั้งสิ้น | H27: =SUM(H25-H26) -> 14637.6
A30: ลงชื่อ | B30: ................................................................. | G30: ลงชื่อ..............................................................
B32: (................................................................) | G32: (สันติ เหล่าสุโพธิ์)
B33: ผู้รับวางบิล | G33: ผู้วางบิล
A34: วันที่ | G34: วันที่....................................................................

Sheet ใบวางบิล (สำเนา)
A1: ='ใบกำกับภาษี (Original)'!A1 -> บริษัท เพาเวอร์ คลีน พลัส จำกัด สำนักงานใหญ่
A2: ='ใบกำกับภาษี (Original)'!A2 -> POWER CLEAN PLUS Co., LTD.
A3: ='ใบกำกับภาษี (Original)'!A3 -> เลขที่ 250/65 ม.5 ต.เมืองเก่า อ.เมืองขอนแก่น จ.ขอนแก่น 40000
A4: ='ใบกำกับภาษี (Original)'!A4 -> TEL. 061-6956633 , 062-7969847
A5: ='ใบกำกับภาษี (Original)'!A5 -> เลขประจำตัวผู้เสียภาษี 0405562003569 | G5: เลขที่ :
G6: วันที่ : | H6: 02/05/2026
A8: ชื่อลูกค้า : | B8: ='ใบกำกับภาษี (Original)'!B8 -> บริษัท เจียงออโตโมทีฟอุดร จำกัด สาขาหนองสำโรง (0000)
A9: Tax ID : | B9: ='ใบกำกับภาษี (Original)'!B9 -> 0105546133987
A10: ที่อยู่ : | B10: ='ใบกำกับภาษี (Original)'!B10 -> 555 หมู่ 7 บ้านโนนพิบูลย์ ต.หมากแข้ง อ.เมืองอุดรธานี จ.อุดรธานี
B11: 41000
A12: โทร :
A14: ลำดับ | B14: เลขที่เอกสาร | C14: วันที่เอกสาร | E14: วันครบ | G14: จำนวนเงิน | H14: จำนวนเงิน | I14: หมายเหตุ
B15: (ใบกำกับภาษีIV) | C15: (ใบกำกับภาษีIV) | E15: กำหนด | G15: ตามใบกำกับภาษี | H15: ที่วางบิล
A16: ='ใบกำกับภาษี (Original)'!A16 -> 1 | B16: IV2026-04-098 | C16: 04/04/2026 | E16: 04/05/2026 | G16: 14637.6 | H16: =G16 -> 14637.6
G25: รวมทั้งสิ้น | H25: =SUM(H16:H24) -> 14637.6
G26: หัก ส่วนลด
A27: ="("&BAHTTEXT(H27)&")" -> (หนึ่งหมื่นสี่พันหกร้อยสามสิบเจ็ดบาทหกสิบสตางค์) | G27: รวมเงินทั้งสิ้น | H27: =SUM(H25-H26) -> 14637.6
A30: ลงชื่อ | B30: ................................................................. | G30: ลงชื่อ..............................................................
B32: (................................................................) | G32: (สันติ เหล่าสุโพธิ์)
B33: ผู้รับวางบิล | G33: ผู้วางบิล
A34: วันที่ | G34: วันที่....................................................................

Sheet ใบวางบิล (สำเนา) (2)
A1: ='ใบกำกับภาษี (Original)'!A1 -> บริษัท เพาเวอร์ คลีน พลัส จำกัด สำนักงานใหญ่
A2: ='ใบกำกับภาษี (Original)'!A2 -> POWER CLEAN PLUS Co., LTD.
A3: ='ใบกำกับภาษี (Original)'!A3 -> เลขที่ 250/65 ม.5 ต.เมืองเก่า อ.เมืองขอนแก่น จ.ขอนแก่น 40000
A4: ='ใบกำกับภาษี (Original)'!A4 -> TEL. 061-6956633 , 062-7969847
A5: ='ใบกำกับภาษี (Original)'!A5 -> เลขประจำตัวผู้เสียภาษี 0405562003569 | G5: เลขที่ :
G6: วันที่ : | H6: 02/05/2026
A8: ชื่อลูกค้า : | B8: ='ใบกำกับภาษี (Original)'!B8 -> บริษัท เจียงออโตโมทีฟอุดร จำกัด สาขาหนองสำโรง (0000)
A9: Tax ID : | B9: ='ใบกำกับภาษี (Original)'!B9 -> 0105546133987
A10: ที่อยู่ : | B10: ='ใบกำกับภาษี (Original)'!B10 -> 555 หมู่ 7 บ้านโนนพิบูลย์ ต.หมากแข้ง อ.เมืองอุดรธานี จ.อุดรธานี
B11: 41000
A12: โทร :
A14: ลำดับ | B14: เลขที่เอกสาร | C14: วันที่เอกสาร | E14: วันครบ | G14: จำนวนเงิน | H14: จำนวนเงิน | I14: หมายเหตุ
B15: (ใบกำกับภาษีIV) | C15: (ใบกำกับภาษีIV) | E15: กำหนด | G15: ตามใบกำกับภาษี | H15: ที่วางบิล
A16: ='ใบกำกับภาษี (Original)'!A16 -> 1 | B16: IV2026-04-098 | C16: 04/04/2026 | E16: 04/05/2026 | G16: 14637.6 | H16: =G16 -> 14637.6
G25: รวมทั้งสิ้น | H25: =SUM(H16:H24) -> 14637.6
G26: หัก ส่วนลด
A27: ="("&BAHTTEXT(H27)&")" -> (หนึ่งหมื่นสี่พันหกร้อยสามสิบเจ็ดบาทหกสิบสตางค์) | G27: รวมเงินทั้งสิ้น | H27: =SUM(H25-H26) -> 14637.6
A30: ลงชื่อ | B30: ................................................................. | G30: ลงชื่อ..............................................................
B32: (................................................................) | G32: (สันติ เหล่าสุโพธิ์)
B33: ผู้รับวางบิล | G33: ผู้วางบิล
A34: วันที่ | G34: วันที่....................................................................
